{"cameraMode":{"drawMode":0,"name":"Shaded","section":"Shading Mode"},"sceneLighting":true,"audioPlay":false,"sceneViewState":{"m_AlwaysRefresh":true,"showFog":true,"showSkybox":true,"showFlares":true,"showImageEffects":true,"showParticleSystems":true,"showVisualEffectGraphs":true,"m_FxEnabled":true},"in2DMode":false,"pivot":{"x":3.5199480056762697,"y":27.854175567626954,"z":52.38679885864258},"rotation":{"x":0.030152373015880586,"y":0.10028038918972016,"z":-0.0030412415508180858,"w":0.9945015907287598},"size":67.86166381835938,"orthographic":false}